readme.txt,/3ff51b00-10e4-11eb-816f-5452007b25f5,102,false,false,
readme.txt,/1cd4d23c-10e4-11eb-9cbd-5452007ba922,102,false,false,
7.zip,/944569f7-946c-40c6-bc7e-2e7cc2f7543c,102,false,true,
['天龙之帝临'].txt,,,true,true,/944569f7-946c-40c6-bc7e-2e7cc2f7543c
['奈落之天性'].txt,,,true,true,/944569f7-946c-40c6-bc7e-2e7cc2f7543c
['奥特曼之死神'].txt,,,true,true,/944569f7-946c-40c6-bc7e-2e7cc2f7543c
['妖尾之勇士'].txt,,,true,true,/944569f7-946c-40c6-bc7e-2e7cc2f7543c
['完美'].txt,,,true,true,/944569f7-946c-40c6-bc7e-2e7cc2f7543c
6.zip,/74870a3e-a1ec-40c4-89ee-b836ef66121f,102,false,true,
['唯我独妖'].txt,,,true,true,/74870a3e-a1ec-40c4-89ee-b836ef66121f
['回到大汉盛华夏'].txt,,,true,true,/74870a3e-a1ec-40c4-89ee-b836ef66121f
['堕落妖风'].txt,,,true,true,/74870a3e-a1ec-40c4-89ee-b836ef66121f
['夜郎古国小神医'].txt,,,true,true,/74870a3e-a1ec-40c4-89ee-b836ef66121f
['大天世界之仙都传奇'].txt,,,true,true,/74870a3e-a1ec-40c4-89ee-b836ef66121f
1.zip,/1193cb3f-7564-492b-a65c-3df555d62b5f,102,false,true,
1949我来自未来（1~1249）.txt,,,true,true,/1193cb3f-7564-492b-a65c-3df555d62b5f
ACG大佬的自我修养⊙九星少将⊙全本加番外.txt,,,true,true,/1193cb3f-7564-492b-a65c-3df555d62b5f
BOSS降临团.txt,,,true,true,/1193cb3f-7564-492b-a65c-3df555d62b5f
LOL之杀人升级⊙一纸文凭⊙1-221(缺2章).txt,,,true,true,/1193cb3f-7564-492b-a65c-3df555d62b5f
Low逼系统一直想让我女装⊙幸福又逆光⊙至真最后一卷⊙至第209章.txt,,,true,true,/1193cb3f-7564-492b-a65c-3df555d62b5f
8.zip,/7bef0a2e-1047-416c-a41b-8e88677e649c,102,false,true,
['左王'].txt,,,true,true,/7bef0a2e-1047-416c-a41b-8e88677e649c
['引子及开篇'].txt,,,true,true,/7bef0a2e-1047-416c-a41b-8e88677e649c
['我在三国融合万物基因'].txt,,,true,true,/7bef0a2e-1047-416c-a41b-8e88677e649c
['我要当好人'].txt,,,true,true,/7bef0a2e-1047-416c-a41b-8e88677e649c
['数码宝贝之成神太一'].txt,,,true,true,/7bef0a2e-1047-416c-a41b-8e88677e649c
绝世武神.txt,/6a034a88-c9be-4fee-b867-ed2cd2772e0c,102,false,false,
逆剑狂神.txt,/a42537b3-fa0d-4527-9b9e-395ee2011cb7,102,false,false,
蠢蠢欲动黑岩.txt,/2195d966-8e16-11ea-ad48-5452007beaa8,102,false,false,
天龙神主.txt,/6b5ed482-c6e3-494e-bbf7-b4e593d20f55,102,false,false,
龙族.txt,/064fe9da-8e16-11ea-9cbd-5452007ba922,102,false,false,
遮天魔尊.txt,/0651838a-8e16-11ea-ae04-5452007b214b,102,false,false,
欲望森林.txt,/064c1f3a-8e16-11ea-8ba5-5452007bd6c0,102,false,false,
小说目录.txt,/d14c8f54-e211-11ea-816f-5452007b25f5,102,false,false,
52.zip,/3e0508e8-8e04-4a97-911f-4dfb2c11ba5d,102,false,true,
馆的我被胖迪认出来了.txt,,,true,true,/3e0508e8-8e04-4a97-911f-4dfb2c11ba5d
龙珠：见习天使⊙灵山岛主⊙连载至222章.txt,,,true,true,/3e0508e8-8e04-4a97-911f-4dfb2c11ba5d
41.zip,/8f33fd9a-d5ce-41c1-9a52-4aca9a63fa78,102,false,true,
神奇宝贝之元素冠军.txt,,,true,true,/8f33fd9a-d5ce-41c1-9a52-4aca9a63fa78
神奇宝贝之养殖专业户1-609.txt,,,true,true,/8f33fd9a-d5ce-41c1-9a52-4aca9a63fa78
神奇宝贝之基因大师.txt,,,true,true,/8f33fd9a-d5ce-41c1-9a52-4aca9a63fa78
神奇宝贝之大英雄系统.txt,,,true,true,/8f33fd9a-d5ce-41c1-9a52-4aca9a63fa78
神奇宝贝之探索者@懒散的恶魔@合众卷52.txt,,,true,true,/8f33fd9a-d5ce-41c1-9a52-4aca9a63fa78
47.zip,/5673ede1-5498-4929-be48-fa7f04b4b0b2,102,false,true,
茅山之鬼道长(1).txt,,,true,true,/5673ede1-5498-4929-be48-fa7f04b4b0b2
茅山守尸人.txt,,,true,true,/5673ede1-5498-4929-be48-fa7f04b4b0b2
诡秘之主.txt,,,true,true,/5673ede1-5498-4929-be48-fa7f04b4b0b2
诸天万界之帝国崛起.txt,,,true,true,/5673ede1-5498-4929-be48-fa7f04b4b0b2
贫道许仙，道门至尊.txt,,,true,true,/5673ede1-5498-4929-be48-fa7f04b4b0b2
43.zip,/c3f1e8a7-08e4-4273-ab28-f34d987f4e11,102,false,true,
神话版三国.txt,,,true,true,/c3f1e8a7-08e4-4273-ab28-f34d987f4e11
科技_都市之超神科技.txt,,,true,true,/c3f1e8a7-08e4-4273-ab28-f34d987f4e11
秦时明月之大反派系统(www.xiashu.cc)全部章节.txt,,,true,true,/c3f1e8a7-08e4-4273-ab28-f34d987f4e11
秦时明月之逗逼系统（精校完本）.txt,,,true,true,/c3f1e8a7-08e4-4273-ab28-f34d987f4e11
秦时明月之道家师叔祖.txt,,,true,true,/c3f1e8a7-08e4-4273-ab28-f34d987f4e11
49.zip,/76881214-24f1-4cb9-90a9-b965a47da7f4,102,false,true,
跑男只最强高富帅 (1).txt,,,true,true,/76881214-24f1-4cb9-90a9-b965a47da7f4
跑男只最强高富帅.txt,,,true,true,/76881214-24f1-4cb9-90a9-b965a47da7f4
身为少女宙丝的我，怎么才能逃脱五个妹控全本  (1).txt,,,true,true,/76881214-24f1-4cb9-90a9-b965a47da7f4
身为少女宙丝的我，怎么才能逃脱五个妹控全本 .txt,,,true,true,/76881214-24f1-4cb9-90a9-b965a47da7f4
轮回从僵尸先生开始.txt,,,true,true,/76881214-24f1-4cb9-90a9-b965a47da7f4
46.zip,/caa1d37a-c00e-4cef-a2ca-cd2a1f4ff210,102,false,true,
脑洞大爆炸.txt,,,true,true,/caa1d37a-c00e-4cef-a2ca-cd2a1f4ff210
舌尖上的霍格沃茨.txt,,,true,true,/caa1d37a-c00e-4cef-a2ca-cd2a1f4ff210
英雄的二次元完(1) (1).txt,,,true,true,/caa1d37a-c00e-4cef-a2ca-cd2a1f4ff210
英雄的二次元完(1) (2).txt,,,true,true,/caa1d37a-c00e-4cef-a2ca-cd2a1f4ff210
英雄的二次元完(1).txt,,,true,true,/caa1d37a-c00e-4cef-a2ca-cd2a1f4ff210
44.zip,/13257203-a561-4c44-b6e7-a61a2d2a3842,102,false,true,
穿越在动漫(1).txt,,,true,true,/13257203-a561-4c44-b6e7-a61a2d2a3842
穿越斗破之最强兑换系统 (1).txt,,,true,true,/13257203-a561-4c44-b6e7-a61a2d2a3842
穿越斗破之最强兑换系统.txt,,,true,true,/13257203-a561-4c44-b6e7-a61a2d2a3842
系统搞事情.txt,,,true,true,/13257203-a561-4c44-b6e7-a61a2d2a3842
综漫之二次元抽取  飞卢全本 (1).txt,,,true,true,/13257203-a561-4c44-b6e7-a61a2d2a3842
50.zip,/aaf7a83e-05a0-4e22-a08d-0a30b5b4f491,102,false,true,
这个二次元世界超好玩 影小随全本 .txt,,,true,true,/aaf7a83e-05a0-4e22-a08d-0a30b5b4f491
这个地球有点凶.txt,,,true,true,/aaf7a83e-05a0-4e22-a08d-0a30b5b4f491
都市之万界打手群1-1423.txt,,,true,true,/aaf7a83e-05a0-4e22-a08d-0a30b5b4f491
都市之疯狂逃亡游戏⊙风靡云涌⊙连载至285章（已加密）.txt,,,true,true,/aaf7a83e-05a0-4e22-a08d-0a30b5b4f491
都市之破案狂少（都市之破案太子爷）@叶小阳@877.txt,,,true,true,/aaf7a83e-05a0-4e22-a08d-0a30b5b4f491
42.zip,/617e0b16-14fe-493f-9fee-e0d225b3933f,102,false,true,
神奇宝贝之精灵掌控者1-2019.txt,,,true,true,/617e0b16-14fe-493f-9fee-e0d225b3933f
神级奖励开局一座上亿公寓.txt,,,true,true,/617e0b16-14fe-493f-9fee-e0d225b3933f
神话之地球掌控者⊙登天榜⊙连载至805章@⊙已校正.txt,,,true,true,/617e0b16-14fe-493f-9fee-e0d225b3933f
神话之我买了几亿个满级账号⊙木木木木木⊙至272.txt,,,true,true,/617e0b16-14fe-493f-9fee-e0d225b3933f
神话复苏之天道重生⊙望穿秋水⊙连载至455章.txt,,,true,true,/617e0b16-14fe-493f-9fee-e0d225b3933f
45.zip,/80e96e46-c769-4843-bc29-8ebc82f5db27,102,false,true,
综漫之二次元抽取  飞卢全本.txt,,,true,true,/80e96e46-c769-4843-bc29-8ebc82f5db27
网游之我有999次融合.txt,,,true,true,/80e96e46-c769-4843-bc29-8ebc82f5db27
罗德岛狙神在此.txt,,,true,true,/80e96e46-c769-4843-bc29-8ebc82f5db27
美漫诸天万界.txt,,,true,true,/80e96e46-c769-4843-bc29-8ebc82f5db27
老司机的宠物小精灵之旅才不会轻易狗带⊙吃蛋挞的折棒⊙至卷④第191章.txt,,,true,true,/80e96e46-c769-4843-bc29-8ebc82f5db27
48.zip,/622fa1d8-1a17-4463-98b7-86c58f62356c,102,false,true,
超时空城管.txt,,,true,true,/622fa1d8-1a17-4463-98b7-86c58f62356c
超级抖音系统.txt,,,true,true,/622fa1d8-1a17-4463-98b7-86c58f62356c
跑男之我哥是悟空⊙杀猪的⊙全本.txt,,,true,true,/622fa1d8-1a17-4463-98b7-86c58f62356c
跑男之搞笑高富帅 1-2752章.txt,,,true,true,/622fa1d8-1a17-4463-98b7-86c58f62356c
跑男之明星学院⊙尼古拉斯佛⊙连载至780章(1).txt,,,true,true,/622fa1d8-1a17-4463-98b7-86c58f62356c
35.zip,/4d010732-ad88-4159-9ebf-c817865ef34f,102,false,true,
无敌之最强神级选择系统.txt,,,true,true,/4d010732-ad88-4159-9ebf-c817865ef34f
无限之主角必须死全本.txt,,,true,true,/4d010732-ad88-4159-9ebf-c817865ef34f
无限之次元征服(全本).txt,,,true,true,/4d010732-ad88-4159-9ebf-c817865ef34f
无限僵尸系统.txt,,,true,true,/4d010732-ad88-4159-9ebf-c817865ef34f
无限创神.txt,,,true,true,/4d010732-ad88-4159-9ebf-c817865ef34f
38.zip,/2113b0dd-f665-4d6b-b134-b273b0278bca,102,false,true,
比企谷夫妇的青春恋爱物语果然没问题.txt,,,true,true,/2113b0dd-f665-4d6b-b134-b273b0278bca
洪荒之妖皇逆天.txt,,,true,true,/2113b0dd-f665-4d6b-b134-b273b0278bca
洪荒玄幻之神级暴君.txt,,,true,true,/2113b0dd-f665-4d6b-b134-b273b0278bca
洪荒：开局杀了申公豹（小说群1138211872）飞卢小说.txt,,,true,true,/2113b0dd-f665-4d6b-b134-b273b0278bca
海贼王之最强合成系统(1).txt,,,true,true,/2113b0dd-f665-4d6b-b134-b273b0278bca
39.zip,/9938f71b-ed2d-42bf-b1c2-146d4b5e2372,102,false,true,
火影之入侵万界か.txt,,,true,true,/9938f71b-ed2d-42bf-b1c2-146d4b5e2372
火影之至尊昊天至海贼275.txt,,,true,true,/9938f71b-ed2d-42bf-b1c2-146d4b5e2372
特种兵：这个兵王强的离谱-删减版.txt,,,true,true,/9938f71b-ed2d-42bf-b1c2-146d4b5e2372
玄幻之阅读封神(1).txt,,,true,true,/9938f71b-ed2d-42bf-b1c2-146d4b5e2372
玄幻：开局太帅怎么办全文@m.shuhaige.com.txt,,,true,true,/9938f71b-ed2d-42bf-b1c2-146d4b5e2372
40.zip,/4b9dd479-3b9e-418f-bad3-a6a2c5c6958b,102,false,true,
玄幻：我成了老祖宗.txt,,,true,true,/4b9dd479-3b9e-418f-bad3-a6a2c5c6958b
王者荣耀之最坑小学生.txt,,,true,true,/4b9dd479-3b9e-418f-bad3-a6a2c5c6958b
电影世界大赢家.txt,,,true,true,/4b9dd479-3b9e-418f-bad3-a6a2c5c6958b
瘟疫医生.txt,,,true,true,/4b9dd479-3b9e-418f-bad3-a6a2c5c6958b
直播之极限冒险家.txt,,,true,true,/4b9dd479-3b9e-418f-bad3-a6a2c5c6958b
36.zip,/e3a72383-1813-4a7c-9808-687919b14049,102,false,true,
无限升级之穿越诸天.txt,,,true,true,/e3a72383-1813-4a7c-9808-687919b14049
日在新世界.txt,,,true,true,/e3a72383-1813-4a7c-9808-687919b14049
时空之头号玩家.txt,,,true,true,/e3a72383-1813-4a7c-9808-687919b14049
明日方舟，病娇之争！.txt,,,true,true,/e3a72383-1813-4a7c-9808-687919b14049
最佳反派的奇妙之旅-全本.txt,,,true,true,/e3a72383-1813-4a7c-9808-687919b14049
31.zip,/6f78721f-be9a-453d-9fe1-04983da0bfbc,102,false,true,
我的体内是诸天万界.txt,,,true,true,/6f78721f-be9a-453d-9fe1-04983da0bfbc
我的千年僵尸女友-书包网+bookbao8.com (1).txt,,,true,true,/6f78721f-be9a-453d-9fe1-04983da0bfbc
我的千年僵尸女友-书包网+bookbao8.com.txt,,,true,true,/6f78721f-be9a-453d-9fe1-04983da0bfbc
我的召唤英灵系统果然有问题.txt,,,true,true,/6f78721f-be9a-453d-9fe1-04983da0bfbc
我的手机连接游戏仓库.txt,,,true,true,/6f78721f-be9a-453d-9fe1-04983da0bfbc
32.zip,/6c8e89dc-cb67-4656-8128-0a5147424881,102,false,true,
我的无限聊天群.txt,,,true,true,/6c8e89dc-cb67-4656-8128-0a5147424881
我的老婆你们惹不起.txt,,,true,true,/6c8e89dc-cb67-4656-8128-0a5147424881
我的老婆是冥帝.txt,,,true,true,/6c8e89dc-cb67-4656-8128-0a5147424881
我的老婆是女神478-飞卢.txt,,,true,true,/6c8e89dc-cb67-4656-8128-0a5147424881
我的英灵殿.txt,,,true,true,/6c8e89dc-cb67-4656-8128-0a5147424881
33.zip,/f9bb4d19-2cc7-4822-ae5c-7a8f16fa649b,102,false,true,
我真的不怕鬼 (1).txt,,,true,true,/f9bb4d19-2cc7-4822-ae5c-7a8f16fa649b
我能捡垃圾：开局十套居民楼.txt,,,true,true,/f9bb4d19-2cc7-4822-ae5c-7a8f16fa649b
我，枪兵，想成为英雄.txt,,,true,true,/f9bb4d19-2cc7-4822-ae5c-7a8f16fa649b
我，高武综漫开武馆全本+番外完.txt,,,true,true,/f9bb4d19-2cc7-4822-ae5c-7a8f16fa649b
抗日之杀敌爆装备.txt,,,true,true,/f9bb4d19-2cc7-4822-ae5c-7a8f16fa649b
37.zip,/227127bc-4275-4587-97ef-41f3771f1b92,102,false,true,
最强弑神者⊙连载至噬血狂袭147章.txt,,,true,true,/227127bc-4275-4587-97ef-41f3771f1b92
某综漫的神圣右方.txt,,,true,true,/227127bc-4275-4587-97ef-41f3771f1b92
武侠之吾乃卫庄.txt,,,true,true,/227127bc-4275-4587-97ef-41f3771f1b92
武侠之无上抽奖系统 神殿十三.txt,,,true,true,/227127bc-4275-4587-97ef-41f3771f1b92
死士酱觉得这样不应当.txt,,,true,true,/227127bc-4275-4587-97ef-41f3771f1b92
34.zip,/79bb59a2-757c-4177-9b18-0f7f23f0e26d,102,false,true,
抗日之超级悍匪 by静止的烟火.txt,,,true,true,/79bb59a2-757c-4177-9b18-0f7f23f0e26d
抗日之超级战魂.txt,,,true,true,/79bb59a2-757c-4177-9b18-0f7f23f0e26d
抽卡停不下来.txt,,,true,true,/79bb59a2-757c-4177-9b18-0f7f23f0e26d
数码暴君pbtxt.com_txt32140.txt,,,true,true,/79bb59a2-757c-4177-9b18-0f7f23f0e26d
整个修真界的妹子都想抓我怎么办.txt,,,true,true,/79bb59a2-757c-4177-9b18-0f7f23f0e26d
21.zip,/a8b1c98f-eb27-4232-949a-faa78eaf48fa,102,false,true,
从零开始的剑圣⊙仙梦晓纤⊙全本.txt,,,true,true,/a8b1c98f-eb27-4232-949a-faa78eaf48fa
以假面骑士的身份穿越.txt,,,true,true,/a8b1c98f-eb27-4232-949a-faa78eaf48fa
做动画死路一条！⊙老坛里没有酸菜⊙全本.txt,,,true,true,/a8b1c98f-eb27-4232-949a-faa78eaf48fa
全职业满级之后⊙变化无穷⊙全本.txt,,,true,true,/a8b1c98f-eb27-4232-949a-faa78eaf48fa
关于我在综漫世界开hou宫这件事 邓式部全本 .txt,,,true,true,/a8b1c98f-eb27-4232-949a-faa78eaf48fa
26.zip,/eac4c392-0c17-4e33-9c45-71fd8116cd03,102,false,true,
娱乐之独爱我迪.txt,,,true,true,/eac4c392-0c17-4e33-9c45-71fd8116cd03
娱乐：从新人导演开始.txt,,,true,true,/eac4c392-0c17-4e33-9c45-71fd8116cd03
射程之内遍地真理.txt,,,true,true,/eac4c392-0c17-4e33-9c45-71fd8116cd03
小说抽奖系统.txt,,,true,true,/eac4c392-0c17-4e33-9c45-71fd8116cd03
工业霸主.txt,,,true,true,/eac4c392-0c17-4e33-9c45-71fd8116cd03
25.zip,/88464137-1d2e-4f87-bb7e-021eb4be7f19,102,false,true,
夜鸦主宰.txt,,,true,true,/88464137-1d2e-4f87-bb7e-021eb4be7f19
大主宰.txt,,,true,true,/88464137-1d2e-4f87-bb7e-021eb4be7f19
大宋的最强纨绔子弟.txt,,,true,true,/88464137-1d2e-4f87-bb7e-021eb4be7f19
大宋第一太子.txt,,,true,true,/88464137-1d2e-4f87-bb7e-021eb4be7f19
大明之首辅饶命-连载之2769章.txt,,,true,true,/88464137-1d2e-4f87-bb7e-021eb4be7f19
23.zip,/81767dfd-2c6c-4dd7-a7f4-57405e6a8cec,102,false,true,
向往的生活之神豪巨星.txt,,,true,true,/81767dfd-2c6c-4dd7-a7f4-57405e6a8cec
吾乃英灵王(全本).txt,,,true,true,/81767dfd-2c6c-4dd7-a7f4-57405e6a8cec
告白失败的浅一会失忆⊙渔夫绅士⊙全本 (1).txt,,,true,true,/81767dfd-2c6c-4dd7-a7f4-57405e6a8cec
告白失败的浅一会失忆⊙渔夫绅士⊙全本.txt,,,true,true,/81767dfd-2c6c-4dd7-a7f4-57405e6a8cec
四重分裂.txt,,,true,true,/81767dfd-2c6c-4dd7-a7f4-57405e6a8cec
30.zip,/c4d007c7-b4f9-45b3-8920-cd8a173a7c98,102,false,true,
我师兄明明很强却喜欢发育.txt,,,true,true,/c4d007c7-b4f9-45b3-8920-cd8a173a7c98
我师父林正英是僵尸.txt,,,true,true,/c4d007c7-b4f9-45b3-8920-cd8a173a7c98
我是特种兵之铁血战神.txt,,,true,true,/c4d007c7-b4f9-45b3-8920-cd8a173a7c98
我有一座恐怖屋.txt,,,true,true,/c4d007c7-b4f9-45b3-8920-cd8a173a7c98
我的人生模拟器.txt,,,true,true,/c4d007c7-b4f9-45b3-8920-cd8a173a7c98
22.zip,/e8da6125-d627-4fda-9861-66fdbec45edd,102,false,true,
剑客立于音乃木坂●轩辕龙夜●完本.txt,,,true,true,/e8da6125-d627-4fda-9861-66fdbec45edd
动漫之王的养成方法⊙朱之月⊙全本.txt,,,true,true,/e8da6125-d627-4fda-9861-66fdbec45edd
千叶咸鱼传说.txt,,,true,true,/e8da6125-d627-4fda-9861-66fdbec45edd
变成美少女的我不可能污破天际.txt,,,true,true,/e8da6125-d627-4fda-9861-66fdbec45edd
向往的生活之技艺天王.txt,,,true,true,/e8da6125-d627-4fda-9861-66fdbec45edd
24.zip,/3052fc5d-3a3b-4fb8-bcf8-73d9f42197e5,102,false,true,
回到宋朝当暴君.txt,,,true,true,/3052fc5d-3a3b-4fb8-bcf8-73d9f42197e5
垃圾主角，我上我也行⊙维多利亚⊙全本.txt,,,true,true,/3052fc5d-3a3b-4fb8-bcf8-73d9f42197e5
型月世界的乱入者⊙厨子卫宫⊙全本.txt,,,true,true,/3052fc5d-3a3b-4fb8-bcf8-73d9f42197e5
多元使徒⊙惰天使⊙全本 (1).txt,,,true,true,/3052fc5d-3a3b-4fb8-bcf8-73d9f42197e5
多元使徒⊙惰天使⊙全本.txt,,,true,true,/3052fc5d-3a3b-4fb8-bcf8-73d9f42197e5
27.zip,/1a856aa7-c567-42fc-b1d2-3deaeb772bdd,102,false,true,
市神奇宝贝之超能帝王.txt,,,true,true,/1a856aa7-c567-42fc-b1d2-3deaeb772bdd
师)_大唐之最强国师.txt,,,true,true,/1a856aa7-c567-42fc-b1d2-3deaeb772bdd
带着满级帐号闯异界.txt,,,true,true,/1a856aa7-c567-42fc-b1d2-3deaeb772bdd
开局拥有百亿年修为.txt,,,true,true,/1a856aa7-c567-42fc-b1d2-3deaeb772bdd
异世界从零开始的贵族生活.txt,,,true,true,/1a856aa7-c567-42fc-b1d2-3deaeb772bdd
29.zip,/e5590496-2117-443d-b411-f6243bd980ac,102,false,true,
我在东瀛当社畜⊙淡蓝色⊙全本.txt,,,true,true,/e5590496-2117-443d-b411-f6243bd980ac
我在绝地求生捡碎片.txt,,,true,true,/e5590496-2117-443d-b411-f6243bd980ac
我在西游有座矿.txt,,,true,true,/e5590496-2117-443d-b411-f6243bd980ac
我家偶像超可爱⊙八星少将⊙至第962章 (1).txt,,,true,true,/e5590496-2117-443d-b411-f6243bd980ac
我家偶像超可爱⊙八星少将⊙至第962章.txt,,,true,true,/e5590496-2117-443d-b411-f6243bd980ac
28.zip,/c664b041-4ffc-434a-b1f3-1a3a86db7dc0,102,false,true,
恋爱要在学习之后.txt,,,true,true,/c664b041-4ffc-434a-b1f3-1a3a86db7dc0
我不当鬼帝.txt,,,true,true,/c664b041-4ffc-434a-b1f3-1a3a86db7dc0
我和雅典娜绑一起了.txt,,,true,true,/c664b041-4ffc-434a-b1f3-1a3a86db7dc0
我在一天内为所欲为⊙全本.txt,,,true,true,/c664b041-4ffc-434a-b1f3-1a3a86db7dc0
我在万界抽红包560.txt,,,true,true,/c664b041-4ffc-434a-b1f3-1a3a86db7dc0
17.zip,/87d6e08b-f644-4d73-b5c5-4d35c8671976,102,false,true,
【落】神豪从愿望成真开始 (1).txt,,,true,true,/87d6e08b-f644-4d73-b5c5-4d35c8671976
【落】神豪从愿望成真开始.txt,,,true,true,/87d6e08b-f644-4d73-b5c5-4d35c8671976
一击超人.txt,,,true,true,/87d6e08b-f644-4d73-b5c5-4d35c8671976
一年级之超级学生至396.txt,,,true,true,/87d6e08b-f644-4d73-b5c5-4d35c8671976
一拳纵横.txt,,,true,true,/87d6e08b-f644-4d73-b5c5-4d35c8671976
11.zip,/09ec3a53-a537-4f7c-9c78-8b01209cdd98,102,false,true,
['洪荒妙善道'].txt,,,true,true,/09ec3a53-a537-4f7c-9c78-8b01209cdd98
['海贼之至尊逍遥'].txt,,,true,true,/09ec3a53-a537-4f7c-9c78-8b01209cdd98
['火影之位面超越系统'].txt,,,true,true,/09ec3a53-a537-4f7c-9c78-8b01209cdd98
['火影之最强水影'].txt,,,true,true,/09ec3a53-a537-4f7c-9c78-8b01209cdd98
['灵界调酒师'].txt,,,true,true,/09ec3a53-a537-4f7c-9c78-8b01209cdd98
14.zip,/0887074e-0a35-4e00-8996-582d88b9d44d,102,false,true,
['跑男之泰坦之路'].txt,,,true,true,/0887074e-0a35-4e00-8996-582d88b9d44d
['都市之虚无道'].txt,,,true,true,/0887074e-0a35-4e00-8996-582d88b9d44d
['霹雳之玉辞心新传'].txt,,,true,true,/0887074e-0a35-4e00-8996-582d88b9d44d
['鸣人路飞闯天下'].txt,,,true,true,/0887074e-0a35-4e00-8996-582d88b9d44d
['鸿蒙之无为决'].txt,,,true,true,/0887074e-0a35-4e00-8996-582d88b9d44d
12.zip,/06ba7816-ea72-4185-a879-ae448e505f61,102,false,true,
['璇的动漫大冒险'].txt,,,true,true,/06ba7816-ea72-4185-a879-ae448e505f61
['神梦传'].txt,,,true,true,/06ba7816-ea72-4185-a879-ae448e505f61
['穿越三国之袁绍之子'].txt,,,true,true,/06ba7816-ea72-4185-a879-ae448e505f61
['笑魔灯'].txt,,,true,true,/06ba7816-ea72-4185-a879-ae448e505f61
['综漫之轮回眼'].txt,,,true,true,/06ba7816-ea72-4185-a879-ae448e505f61
15.zip,/bf1cf12f-e1cb-48c4-8811-66d461230432,102,false,true,
_神奇宝贝之神级登录.txt,,,true,true,/bf1cf12f-e1cb-48c4-8811-66d461230432
《万界之镇压诸天》1-正文六卷 第171章互相安慰.txt,,,true,true,/bf1cf12f-e1cb-48c4-8811-66d461230432
《少女大召唤》（校对版全本）作者：如倾如诉 (1).txt,,,true,true,/bf1cf12f-e1cb-48c4-8811-66d461230432
《少女大召唤》（校对版全本）作者：如倾如诉.txt,,,true,true,/bf1cf12f-e1cb-48c4-8811-66d461230432
《恐慌沸腾》作者：相思洗红豆.txt,,,true,true,/bf1cf12f-e1cb-48c4-8811-66d461230432
20.zip,/b11da16d-ca94-4816-a739-243f8a792fb8,102,false,true,
从太阳花田开始.txt,,,true,true,/b11da16d-ca94-4816-a739-243f8a792fb8
从小丑开始的反派影帝304 (1).txt,,,true,true,/b11da16d-ca94-4816-a739-243f8a792fb8
从小丑开始的反派影帝304.txt,,,true,true,/b11da16d-ca94-4816-a739-243f8a792fb8
从我是特种兵开始打卡【小说群：702162415】.txt,,,true,true,/b11da16d-ca94-4816-a739-243f8a792fb8
从神级选择开始的特种兵,,,true,true,/b11da16d-ca94-4816-a739-243f8a792fb8
13.zip,/6c250ab6-5dc6-4078-9a37-9f26127b92fb,102,false,true,
['综漫：妖尾之一路前行'].txt,,,true,true,/6c250ab6-5dc6-4078-9a37-9f26127b92fb
['缘定幻想乡'].txt,,,true,true,/6c250ab6-5dc6-4078-9a37-9f26127b92fb
['网游梦幻'].txt,,,true,true,/6c250ab6-5dc6-4078-9a37-9f26127b92fb
['诛仙后续'].txt,,,true,true,/6c250ab6-5dc6-4078-9a37-9f26127b92fb
['贴身高手俏校花'].txt,,,true,true,/6c250ab6-5dc6-4078-9a37-9f26127b92fb
18.zip,/6d877c4c-41a8-45cf-acbc-59056df8769c,102,false,true,
一拳超人之帝王引擎346.txt,,,true,true,/6d877c4c-41a8-45cf-acbc-59056df8769c
一点也不超级的机器人大战⊙也闲⊙至第182章 水之证.txt,,,true,true,/6d877c4c-41a8-45cf-acbc-59056df8769c
万界之我有个直播平台.txt,,,true,true,/6d877c4c-41a8-45cf-acbc-59056df8769c
万界随机购物.txt,,,true,true,/6d877c4c-41a8-45cf-acbc-59056df8769c
万界随机购物系统.txt,,,true,true,/6d877c4c-41a8-45cf-acbc-59056df8769c
16.zip,/7bd46e7f-381a-4fcc-9a33-3c28cc33bc9f,102,false,true,
《我的23岁美女总裁》（校对版全本）作者：醉酒望明月.txt,,,true,true,/7bd46e7f-381a-4fcc-9a33-3c28cc33bc9f
《我的画风不对怎么想都是次元的错》作者：幻想乡的一条水龙 （完结） .txt,,,true,true,/7bd46e7f-381a-4fcc-9a33-3c28cc33bc9f
《抗日之舔盒系统》.txt,,,true,true,/7bd46e7f-381a-4fcc-9a33-3c28cc33bc9f
《时空旅行者的探险队》（校对版全本）作者：黑猫不怕黑.txt,,,true,true,/7bd46e7f-381a-4fcc-9a33-3c28cc33bc9f
《柯南之女神守护》 作者_白小歪（1-2478章）.txt,,,true,true,/7bd46e7f-381a-4fcc-9a33-3c28cc33bc9f
19.zip,/6fc217e5-5629-48fc-8286-45ad36ff5ee7,102,false,true,
东京神秘事件簿.txt,,,true,true,/6fc217e5-5629-48fc-8286-45ad36ff5ee7
为美好的人生献上祝福⊙村长万岁⊙正文完结.txt,,,true,true,/6fc217e5-5629-48fc-8286-45ad36ff5ee7
二次元之光明掌控.txt,,,true,true,/6fc217e5-5629-48fc-8286-45ad36ff5ee7
从大树开始的进化 (1).txt,,,true,true,/6fc217e5-5629-48fc-8286-45ad36ff5ee7
从大树开始的进化.txt,,,true,true,/6fc217e5-5629-48fc-8286-45ad36ff5ee7
3.zip,/d37408f3-9a18-41d9-aba4-bbaf8fac57d8,102,false,true,
['九零后的无限'].txt,,,true,true,/d37408f3-9a18-41d9-aba4-bbaf8fac57d8
['二次元游'].txt,,,true,true,/d37408f3-9a18-41d9-aba4-bbaf8fac57d8
['二次元的审判者'].txt,,,true,true,/d37408f3-9a18-41d9-aba4-bbaf8fac57d8
['二次元的悲鸣'].txt,,,true,true,/d37408f3-9a18-41d9-aba4-bbaf8fac57d8
['从零开始之超级魔神系统'].txt,,,true,true,/d37408f3-9a18-41d9-aba4-bbaf8fac57d8
2.zip,/6c11f8c6-50b5-4e3c-9187-6139cbd1b5ae,102,false,true,
N等分的赤之王⊙燕归人未归⊙至第292章.txt,,,true,true,/6c11f8c6-50b5-4e3c-9187-6139cbd1b5ae
Overlord之混沌之子.txt,,,true,true,/6c11f8c6-50b5-4e3c-9187-6139cbd1b5ae
['七煞邪尊：残影断魂劫'].txt,,,true,true,/6c11f8c6-50b5-4e3c-9187-6139cbd1b5ae
['万界霸王项羽'].txt,,,true,true,/6c11f8c6-50b5-4e3c-9187-6139cbd1b5ae
['东方之幻想乡'].txt,,,true,true,/6c11f8c6-50b5-4e3c-9187-6139cbd1b5ae
4.zip,/58caad44-7600-4cf8-b12b-8bc2452b35d4,102,false,true,
['仙剑五前传之瞎想'].txt,,,true,true,/58caad44-7600-4cf8-b12b-8bc2452b35d4
['伊泽多角恋'].txt,,,true,true,/58caad44-7600-4cf8-b12b-8bc2452b35d4
['元古之殇'].txt,,,true,true,/58caad44-7600-4cf8-b12b-8bc2452b35d4
['光明兽和他的小伙伴们'].txt,,,true,true,/58caad44-7600-4cf8-b12b-8bc2452b35d4
['凌天佣兵团'].txt,,,true,true,/58caad44-7600-4cf8-b12b-8bc2452b35d4
5.zip,/ba8dd866-f5d4-4407-ba3c-dfa1e4d65062,102,false,true,
['凤羽相思劫'].txt,,,true,true,/ba8dd866-f5d4-4407-ba3c-dfa1e4d65062
['剑指天涯'].txt,,,true,true,/ba8dd866-f5d4-4407-ba3c-dfa1e4d65062
['叶之次元'].txt,,,true,true,/ba8dd866-f5d4-4407-ba3c-dfa1e4d65062
['吾为玄霄'].txt,,,true,true,/ba8dd866-f5d4-4407-ba3c-dfa1e4d65062
['命运降临夜之抉择'].txt,,,true,true,/ba8dd866-f5d4-4407-ba3c-dfa1e4d65062
10.zip,/04b4f70a-a9a1-45a9-a9bc-6219bdcb8727,102,false,true,
['步步通天'].txt,,,true,true,/04b4f70a-a9a1-45a9-a9bc-6219bdcb8727
['武侠之最惨皇帝'].txt,,,true,true,/04b4f70a-a9a1-45a9-a9bc-6219bdcb8727
['死神之一剑西来'].txt,,,true,true,/04b4f70a-a9a1-45a9-a9bc-6219bdcb8727
['死神之卯之花'].txt,,,true,true,/04b4f70a-a9a1-45a9-a9bc-6219bdcb8727
['永恒之域'].txt,,,true,true,/04b4f70a-a9a1-45a9-a9bc-6219bdcb8727
9.zip,/8aa7adc2-f71f-472d-b85f-6f1fb78354a3,102,false,true,
['无限位面逍遥'].txt,,,true,true,/8aa7adc2-f71f-472d-b85f-6f1fb78354a3
['无限意世界'].txt,,,true,true,/8aa7adc2-f71f-472d-b85f-6f1fb78354a3
['时空狩猎者'].txt,,,true,true,/8aa7adc2-f71f-472d-b85f-6f1fb78354a3
['星期天神大人不在家'].txt,,,true,true,/8aa7adc2-f71f-472d-b85f-6f1fb78354a3
['最强之道统传承'].txt,,,true,true,/8aa7adc2-f71f-472d-b85f-6f1fb78354a3
9.zip,/8aa7adc2-f71f-472d-b85f-6f1fb78354a3,102,false,true,
['无限位面逍遥'].txt,,,true,true,/8aa7adc2-f71f-472d-b85f-6f1fb78354a3
['无限意世界'].txt,,,true,true,/8aa7adc2-f71f-472d-b85f-6f1fb78354a3
['时空狩猎者'].txt,,,true,true,/8aa7adc2-f71f-472d-b85f-6f1fb78354a3
['星期天神大人不在家'].txt,,,true,true,/8aa7adc2-f71f-472d-b85f-6f1fb78354a3
['最强之道统传承'].txt,,,true,true,/8aa7adc2-f71f-472d-b85f-6f1fb78354a3
9.zip,/8aa7adc2-f71f-472d-b85f-6f1fb78354a3,102,false,true,
['无限位面逍遥'].txt,,,true,true,/8aa7adc2-f71f-472d-b85f-6f1fb78354a3
['无限意世界'].txt,,,true,true,/8aa7adc2-f71f-472d-b85f-6f1fb78354a3
['时空狩猎者'].txt,,,true,true,/8aa7adc2-f71f-472d-b85f-6f1fb78354a3
['星期天神大人不在家'].txt,,,true,true,/8aa7adc2-f71f-472d-b85f-6f1fb78354a3
['最强之道统传承'].txt,,,true,true,/8aa7adc2-f71f-472d-b85f-6f1fb78354a3
9.zip,/8aa7adc2-f71f-472d-b85f-6f1fb78354a3,102,false,true,
['无限位面逍遥'].txt,,,true,true,/8aa7adc2-f71f-472d-b85f-6f1fb78354a3
['无限意世界'].txt,,,true,true,/8aa7adc2-f71f-472d-b85f-6f1fb78354a3
['时空狩猎者'].txt,,,true,true,/8aa7adc2-f71f-472d-b85f-6f1fb78354a3
['星期天神大人不在家'].txt,,,true,true,/8aa7adc2-f71f-472d-b85f-6f1fb78354a3
['最强之道统传承'].txt,,,true,true,/8aa7adc2-f71f-472d-b85f-6f1fb78354a3
9.zip,/8aa7adc2-f71f-472d-b85f-6f1fb78354a3,102,false,true,
['无限位面逍遥'].txt,,,true,true,/8aa7adc2-f71f-472d-b85f-6f1fb78354a3
['无限意世界'].txt,,,true,true,/8aa7adc2-f71f-472d-b85f-6f1fb78354a3
['时空狩猎者'].txt,,,true,true,/8aa7adc2-f71f-472d-b85f-6f1fb78354a3
['星期天神大人不在家'].txt,,,true,true,/8aa7adc2-f71f-472d-b85f-6f1fb78354a3
['最强之道统传承'].txt,,,true,true,/8aa7adc2-f71f-472d-b85f-6f1fb78354a3
9.zip,/8aa7adc2-f71f-472d-b85f-6f1fb78354a3,102,false,true,
['无限位面逍遥'].txt,,,true,true,/8aa7adc2-f71f-472d-b85f-6f1fb78354a3
['无限意世界'].txt,,,true,true,/8aa7adc2-f71f-472d-b85f-6f1fb78354a3
['时空狩猎者'].txt,,,true,true,/8aa7adc2-f71f-472d-b85f-6f1fb78354a3
['星期天神大人不在家'].txt,,,true,true,/8aa7adc2-f71f-472d-b85f-6f1fb78354a3
['最强之道统传承'].txt,,,true,true,/8aa7adc2-f71f-472d-b85f-6f1fb78354a3
9.zip,/8aa7adc2-f71f-472d-b85f-6f1fb78354a3,102,false,true,
['无限位面逍遥'].txt,,,true,true,/8aa7adc2-f71f-472d-b85f-6f1fb78354a3
['无限意世界'].txt,,,true,true,/8aa7adc2-f71f-472d-b85f-6f1fb78354a3
['时空狩猎者'].txt,,,true,true,/8aa7adc2-f71f-472d-b85f-6f1fb78354a3
['星期天神大人不在家'].txt,,,true,true,/8aa7adc2-f71f-472d-b85f-6f1fb78354a3
['最强之道统传承'].txt,,,true,true,/8aa7adc2-f71f-472d-b85f-6f1fb78354a3
9.zip,/8aa7adc2-f71f-472d-b85f-6f1fb78354a3,102,false,true,
['无限位面逍遥'].txt,,,true,true,/8aa7adc2-f71f-472d-b85f-6f1fb78354a3
['无限意世界'].txt,,,true,true,/8aa7adc2-f71f-472d-b85f-6f1fb78354a3
['时空狩猎者'].txt,,,true,true,/8aa7adc2-f71f-472d-b85f-6f1fb78354a3
['星期天神大人不在家'].txt,,,true,true,/8aa7adc2-f71f-472d-b85f-6f1fb78354a3
['最强之道统传承'].txt,,,true,true,/8aa7adc2-f71f-472d-b85f-6f1fb78354a3
9.zip,/8aa7adc2-f71f-472d-b85f-6f1fb78354a3,102,false,true,
['无限位面逍遥'].txt,,,true,true,/8aa7adc2-f71f-472d-b85f-6f1fb78354a3
['无限意世界'].txt,,,true,true,/8aa7adc2-f71f-472d-b85f-6f1fb78354a3
['时空狩猎者'].txt,,,true,true,/8aa7adc2-f71f-472d-b85f-6f1fb78354a3
['星期天神大人不在家'].txt,,,true,true,/8aa7adc2-f71f-472d-b85f-6f1fb78354a3
['最强之道统传承'].txt,,,true,true,/8aa7adc2-f71f-472d-b85f-6f1fb78354a3
9.zip,/8aa7adc2-f71f-472d-b85f-6f1fb78354a3,102,false,true,
['无限位面逍遥'].txt,,,true,true,/8aa7adc2-f71f-472d-b85f-6f1fb78354a3
['无限意世界'].txt,,,true,true,/8aa7adc2-f71f-472d-b85f-6f1fb78354a3
['时空狩猎者'].txt,,,true,true,/8aa7adc2-f71f-472d-b85f-6f1fb78354a3
['星期天神大人不在家'].txt,,,true,true,/8aa7adc2-f71f-472d-b85f-6f1fb78354a3
['最强之道统传承'].txt,,,true,true,/8aa7adc2-f71f-472d-b85f-6f1fb78354a3
9.zip,/8aa7adc2-f71f-472d-b85f-6f1fb78354a3,102,false,true,
['无限位面逍遥'].txt,,,true,true,/8aa7adc2-f71f-472d-b85f-6f1fb78354a3
['无限意世界'].txt,,,true,true,/8aa7adc2-f71f-472d-b85f-6f1fb78354a3
['时空狩猎者'].txt,,,true,true,/8aa7adc2-f71f-472d-b85f-6f1fb78354a3
['星期天神大人不在家'].txt,,,true,true,/8aa7adc2-f71f-472d-b85f-6f1fb78354a3
['最强之道统传承'].txt,,,true,true,/8aa7adc2-f71f-472d-b85f-6f1fb78354a3
